{
  "pipeline": "emotion_classifier",
  "timestamp": "2026-06-11T05:42:01.640613Z",
  "dataset": {
    "rows": 22982,
    "classes": [
      "anger",
      "fear",
      "joy",
      "love",
      "sadness",
      "surprise"
    ],
    "source": "backend/datasets/processed/subsampled_training_dataset.csv"
  },
  "best_params": {
    "C": 1.0,
    "max_iter": 2000
  },
  "cv_scores": {
    "LinearSVC": {
      "mean_f1": 0.9153242963298485,
      "std_f1": 0.0033969014890655996,
      "all_folds": [
        0.9201637010675533,
        0.9163637452899778,
        0.9139371767365657,
        0.9098240116739928,
        0.9163328468811531
      ]
    },
    "LogisticRegression": {
      "mean_f1": 0.8534061161840911,
      "std_f1": 0.0015343602433126647,
      "all_folds": [
        0.850924392526934,
        0.85480553690794,
        0.8551434043292235,
        0.8535375915484067,
        0.8526196556079516
      ]
    },
    "ComplementNB": {
      "mean_f1": 0.9084635410986142,
      "std_f1": 0.00297983350379386,
      "all_folds": [
        0.9038462157170136,
        0.906389051748319,
        0.9092879583746258,
        0.9107335386475752,
        0.9120609410055366
      ]
    },
    "MultinomialNB": {
      "mean_f1": 0.786449098489563,
      "std_f1": 0.004006857416001696,
      "all_folds": [
        0.783288139557744,
        0.7884881206144942,
        0.7897351178076829,
        0.7905141782568812,
        0.7802199362110125
      ]
    }
  },
  "evaluation": {
    "accuracy": 0.924515988688275,
    "f1_weighted": 0.9242758477222177,
    "f1_macro": 0.8995284146119203,
    "precision_weighted": 0.9242055783628155,
    "recall_weighted": 0.924515988688275,
    "roc_auc_weighted": 0.9931287060058788,
    "confusion_matrix": [
      [
        595,
        9,
        13,
        3,
        27,
        1
      ],
      [
        9,
        443,
        21,
        3,
        18,
        13
      ],
      [
        7,
        9,
        1497,
        30,
        29,
        1
      ],
      [
        4,
        0,
        38,
        303,
        6,
        3
      ],
      [
        20,
        18,
        29,
        8,
        1293,
        1
      ],
      [
        1,
        17,
        7,
        0,
        2,
        119
      ]
    ],
    "classification_report": {
      "anger": {
        "precision": 0.9355345911949685,
        "recall": 0.9182098765432098,
        "f1-score": 0.926791277258567,
        "support": 648.0
      },
      "fear": {
        "precision": 0.8931451612903226,
        "recall": 0.873767258382643,
        "f1-score": 0.8833499501495513,
        "support": 507.0
      },
      "joy": {
        "precision": 0.9327102803738317,
        "recall": 0.9516846789574063,
        "f1-score": 0.9421019509125236,
        "support": 1573.0
      },
      "love": {
        "precision": 0.8731988472622478,
        "recall": 0.8559322033898306,
        "f1-score": 0.8644793152639088,
        "support": 354.0
      },
      "sadness": {
        "precision": 0.9403636363636364,
        "recall": 0.9444850255661067,
        "f1-score": 0.9424198250728864,
        "support": 1369.0
      },
      "surprise": {
        "precision": 0.8623188405797102,
        "recall": 0.815068493150685,
        "f1-score": 0.8380281690140845,
        "support": 146.0
      },
      "accuracy": 0.924515988688275,
      "macro avg": {
        "precision": 0.9062118928441195,
        "recall": 0.8931912559983135,
        "f1-score": 0.8995284146119203,
        "support": 4597.0
      },
      "weighted avg": {
        "precision": 0.9242055783628155,
        "recall": 0.924515988688275,
        "f1-score": 0.9242758477222177,
        "support": 4597.0
      }
    }
  },
  "train_time_s": 10.568907499313354,
  "classes": [
    "anger",
    "fear",
    "joy",
    "love",
    "sadness",
    "surprise"
  ]
}